{
  "name": "vue-resource",
  "main": "dist/vue-resource.js",
  "version": "1.3.4",
  "description": "The HTTP client for Vue.js",
  "homepage": "https://github.com/pagekit/vue-resource",
  "license": "MIT",
  "keywords": [
    "vue",
    "xhr",
    "http",
    "ajax"
  ],
  "ignore": [
    ".*",
    "build",
    "docs",
    "package.json"
  ],
  "_release": "1.3.4",
  "_resolution": {
    "type": "version",
    "tag": "1.3.4",
    "commit": "997601c17b9757b3af9bfcb31786791c3edb7fe4"
  },
  "_source": "https://github.com/vuejs/vue-resource.git",
  "_target": "^1.3.4",
  "_originalSource": "vue-resource",
  "_direct": true
}